CODE;NOM;X;Y;GOUV;CAP;AGG;NIV;DTUN;DPORT;DCAP;POPTO2004;POPCO2004;NBLOG2004;IMMIG9404;EMIG9404;POPTO2010;SUP2010;IDRVA2011
TS1110;Carthage ;289,1801;779,443;TS111;1;Tunis;(6) plus de 1 000 000;16,9;8,9;1,0;20715;20715;6432;3265;2379;21127;8,302;0,513
TS1111;La Medina ;274,3319;773,8342;TS111;0;Tunis;(6) plus de 1 000 000;1,0;16,2;16,9;26703;4733;8265;2771;42243;25757;1,523;0,418
TS1112;Bab El Bhar ;275,6247;774,3254;TS111;0;Tunis;(6) plus de 1 000 000;2,4;15,2;15,5;39806;39806;16125;6812;12701;36753;5,721;1,000
TS1113;Bab Souika ;273,7847;774,7392;TS111;0;Tunis;(6) plus de 1 000 000;2,1;17,0;17,1;33284;33284;9629;2548;7199;31762;2,218;0,922
TS1114;El Omrane ;273,0474;776,2263;TS111;0;Tunis;(6) plus de 1 000 000;3,7;18,3;17,5;40801;40801;9779;3645;4446;41702;4,922;0,420
TS1115;El Omrane Supérieur ;270,4797;778,5712;TS111;0;Tunis;(6) plus de 1 000 000;7,1;21,7;19,7;62138;62138;15679;8805;6375;65237;3,374;0,462
TS1116;Ettahrir ;270,1699;777,0314;TS111;0;Tunis;(6) plus de 1 000 000;6,2;21,3;20,2;21956;21956;6027;3790;2758;22980;1,809;0,501
TS1117;El Menzah ;273,6044;778,1093;TS111;0;Tunis;(6) plus de 1 000 000;5,3;18,8;16,6;43320;43320;13707;5995;6856;46346;10,732;0,654
TS1118;Cité El Khadhra ;278,5714;778,4046;TS111;0;Tunis;(6) plus de 1 000 000;7,2;14,0;11,7;36818;36818;11035;6755;4073;38860;19,758;0,791
TS1119;Le Bardo ;270,3454;775,4391;TS111;0;Tunis;(6) plus de 1 000 000;5,3;20,5;20,3;70244;70244;19594;8507;12838;68560;6,795;0,476
TS111A;Sijoumi ;273,6623;772,7043;TS111;0;Tunis;(6) plus de 1 000 000;2,3;16,4;17,9;36171;36171;7190;1944;4285;34361;2,044;0,317
TS111B;Ezzouhour ;270,9052;773,5385;TS111;0;Tunis;(6) plus de 1 000 000;4,4;19,3;20,2;40434;40434;9601;3915;6335;39198;2,842;0,380
TS111C;El Hrairia ;264,1705;773,3484;TS111;0;Tunis;(6) plus de 1 000 000;11,2;25,9;26,7;96245;96245;22466;10600;3513;98606;24,253;0,422
TS111D;Sidi Hassine ;266,0072;767,994;TS111;0;Tunis;(6) plus de 1 000 000;11,2;23,8;26,8;79381;79381;18458;10625;1699;85425;67,351;0,397
TS111E;El Ouardia ;275,9198;769,7927;TS111;0;Tunis;(6) plus de 1 000 000;5,3;13,8;17,4;33734;33734;8462;2356;6430;32936;4,171;0,401
TS111F;El Kabaria ;277,2563;768,2751;TS111;0;Tunis;(6) plus de 1 000 000;7,3;12,6;17,3;81261;81261;20040;10131;3153;83516;14,339;0,428
TS111G;Sidi El Béchir ;275,2048;772,4462;TS111;0;Tunis;(6) plus de 1 000 000;2,6;14,9;16,6;29911;29911;8694;3246;2778;27517;2,697;0,545
TS111H;Djebel Djelloud ;277,7917;769,8104;TS111;0;Tunis;(6) plus de 1 000 000;6,3;11,9;15,9;26490;26490;5724;1550;2285;26056;5,326;0,356
TS111I;La Goulette ;287,2684;776,0638;TS111;0;Tunis;(6) plus de 1 000 000;14,1;5,0;4,9;28407;28407;8638;3981;2765;28986;11,98;0,610
TS111J;Le Kram ;284,4207;779,1791;TS111;0;Tunis;(6) plus de 1 000 000;12,4;9,2;5,8;58152;58152;16803;7522;3212;60927;10,348;0,480
TS111K;La Marsa ;286,7848;783,7319;TS111;0;Tunis;(6) plus de 1 000 000;16,9;12,7;5,9;77890;77890;23237;7386;5026;82057;31,571;0,588
TS1120;L Ariana Ville  ;273,8463;781,0903;TS112;1;Tunis;(6) plus de 1 000 000;8,3;19,3;1,0;97687;97687;32121;16961;15426;109500;18,612;0,638
TS1121;Soukra ;278,8923;783,6502;TS112;0;Tunis;(6) plus de 1 000 000;11,8;16,3;6,7;89151;89151;25163;19129;2832;107829;27,895;0,557
TS1122;Raoued ;273,9186;788,8873;TS112;0;Tunis;(6) plus de 1 000 000;16,1;23,5;8,8;60896;53911;17499;14053;1443;77419;57,08;0,531
TS1123;Kalaât El Andalous ;269,8599;799,4472;TS112;0;;(2) 10 à 20 000;27,0;33,4;19,8;23045;15313;4778;728;528;24367;188,206;0,383
TS1124;Sidi Thabet ;261,2769;787,2263;TS112;0;;(1) moins de 10 000;19,7;33,3;15,0;19404;8909;4802;1298;723;20231;97,08;0,358
TS1125;Cité Ettadhamen ;266,7281;777,9012;TS112;0;Tunis;(6) plus de 1 000 000;9,6;24,7;8,8;78311;78311;18367;5651;5245;82922;3,376;0,386
TS1126;El Mnihla ;266,8617;781,2457;TS112;0;Tunis;(6) plus de 1 000 000;11,5;26,1;8,0;53752;40176;14370;7258;985;69247;22,907;0,466
TS1130;Ben Arous  ;279,4702;767,4516;TS113;1;Tunis;(6) plus de 1 000 000;9,2;10,8;1,0;32329;32329;8800;3963;9381;30378;6,644;0,489
TS1131;La Nouvelle Medina ;281,5814;766,168;TS113;0;Tunis;(6) plus de 1 000 000;11,6;9,8;3,5;42603;42603;11110;6070;2295;45884;8,114;0,468
TS1132;El Mourouj ;278,1386;765,2702;TS113;0;Tunis;(6) plus de 1 000 000;10,4;13,0;3,6;81986;81986;23444;21829;5773;113339;16,099;0,557
TS1133;Hammam Lif ;290,1537;764,0915;TS113;0;Hammam-Lif;(5) 100 000 à 1 000 000;19,6;12,9;12,2;38401;38401;11549;3130;4802;38631;11,516;0,439
TS1134;Hammam Chôtt ;293,1596;761,224;TS113;0;Hammam-Lif;(5) 100 000 à 1 000 000;23,7;17,0;16,0;24847;24847;7168;4997;1551;29153;26,187;0,456
TS1135;Bou Mhel El Bassatine ;286,675;763,0187;TS113;0;Hammam-Lif;(5) 100 000 à 1 000 000;17,4;12,1;9,5;27977;27977;7831;5831;1135;35185;20,057;0,510
TS1136;Ezzahra ;285,6486;765,8165;TS113;0;Hammam-Lif;(5) 100 000 à 1 000 000;14,9;9,1;7,4;31792;31792;9783;5508;3991;33665;7,081;0,523
TS1137;Radès ;284,7318;769,8022;TS113;0;Tunis;(6) plus de 1 000 000;12,2;5,0;6,8;44857;44857;13465;7221;3708;48087;19,213;0,504
TS1138;Megrine ;280,8047;769,8356;TS113;0;Tunis;(6) plus de 1 000 000;8,6;8,9;3,7;24031;24031;6511;1880;2872;22189;11,712;0,540
TS1139;Mohamedia ;265,9499;757,2567;TS113;0;;(4) 50 à 100 000;19,6;27,6;17,9;46613;40662;11110;6451;2327;52104;96,241;0,370
TS113A;Fouchana ;275,3151;762,5345;TS113;0;Tunis;(6) plus de 1 000 000;12,3;16,9;7,4;56628;33958;13833;8910;2695;66484;37,346;0,475
TS113B;Mornag ;282,9115;750,4269;TS113;0;Hammam-Lif;(5) 100 000 à 1 000 000;25,9;24,5;18,4;53709;33137;11460;3515;1836;56366;396,661;0,416
TS1140;Mannouba  ;263,6115;776,1439;TS114;1;Tunis;(6) plus de 1 000 000;12,0;27,1;1,0;51398;51398;13897;7033;9466;55043;11,9;0,570
TS1141;Douar Hicher ;263,5536;778,4484;TS114;0;Tunis;(6) plus de 1 000 000;12,7;27,9;3,3;75959;75535;15779;7514;1518;83317;9,6;0,398
TS1142;Oued Ellil ;257,0129;777,8028;TS114;0;Tunis;(6) plus de 1 000 000;18,8;33,9;7,8;58544;47614;13377;6450;2109;66223;56,4;0,422
TS1143;Mornaguia ;251,9954;763,6674;TS114;0;;(2) 10 à 20 000;25,5;38,3;18,0;35129;13691;7524;2806;1352;33286;249,1;0,383
TS1144;Borj Amri ;243,3033;764,6765;TS114;0;;(1) moins de 10 000;33,4;46,7;24,3;16184;5556;3236;842;892;24440;174,8;0,318
TS1145;Djedeida ;248,8476;783,6799;TS114;0;;(3) 20 à 50000;28,3;31,2;17,6;40327;24746;8727;2445;1638;43216;179,3;0,350
TS1146;Tebourba ;233,5432;781,8521;TS114;0;;(3) 20 à 50000;42,6;34,1;31,6;41050;24175;8334;1628;2294;42606;279,8;0,319
TS1147;El Battane ;234,7881;772,4409;TS114;0;;(1) moins de 10 000;40,6;42,8;30,1;17321;5761;3392;716;444;17740;151,4;0,279
TS1150;Nabeul  ;322,7676;736,6566;TS115;1;Nabeul;(5) 100 000 à 1 000 000;62,1;55,5;1,0;59490;56387;18733;4838;7360;61366;71,6;0,523
TS1151;Dar Châabane El Fehri ;325,2173;741,8206;TS115;0;Nabeul;(5) 100 000 à 1 000 000;61,1;54,2;6,7;39477;35859;10817;3406;1099;44322;71,9;0,456
TS1152;Beni khiar ;331,9859;741,5815;TS115;0;Nabeul;(5) 100 000 à 1 000 000;67,1;60,0;11,5;35565;29898;10912;2055;937;38035;106;0,424
TS1153;Korba ;334,8169;753,0714;TS115;0;;(3) 20 à 50000;64,9;57,8;21,4;60564;42420;15630;2060;1600;64080;206,1;0,392
TS1154;Menzel Temime ;344,0168;773,6315;TS115;0;;(3) 20 à 50000;70,7;61,8;43,6;59463;39326;15319;1387;2285;62003;260,8;0,357
TS1155;El Mida ;336,9924;764,886;TS115;0;;(1) moins de 10 000;64,3;56,0;32,6;23667;3437;5894;650;722;23879;154,4;0,339
TS1156;Kelibia ;354,4988;782,1613;TS115;0;;(4) 50 à 100 000;81,6;72,5;56,5;53648;48210;15238;2815;2242;58418;128;0,380
TS1157;Hammam El Guezaz ;358,8191;787,0827;TS115;0;;(1) moins de 10 000;86,5;77,4;63,0;14324;11998;3780;632;566;14477;77,8;0,293
TS1158;El Haouaria ;344,9065;792,0798;TS115;0;;(1) moins de 10 000;73,9;64,8;60,7;39378;9273;10106;955;1460;39833;332,4;0,304
TS1159;Takelsa ;321,8742;774,7626;TS115;0;;(3) 20 à 50000;48,6;39,6;39,1;20169;20169;4123;552;692;20705;270;0,298
TS115A;Soliman ;307,192;763,4929;TS115;0;Hammam-Lif;(5) 100 000 à 1 000 000;35,4;28,3;32,0;41846;32611;10783;3729;1432;45091;140,1;0,478
TS115B;Menzel Bouzelfa ;320,8438;762,0244;TS115;0;Hammam-Lif;(5) 100 000 à 1 000 000;49,0;41,4;26,4;33599;15670;8442;876;1278;34923;141,7;0,372
TS115C;Beni Khalled ;319,3212;753,5577;TS115;0;Hammam-Lif;(5) 100 000 à 1 000 000;50,3;43,2;18,2;33897;19943;8077;1944;940;35994;118,1;0,399
TS115D;Grombalia ;299,6516;750,267;TS115;0;;(3) 20 à 50000;35,6;29,6;27,8;55489;18856;12521;3310;2064;60826;298,1;0,458
TS115E;Bou Argoub ;312,8256;742,9939;TS115;0;;(2) 10 à 20 000;50,3;43,8;12,8;27846;10311;5955;1028;743;29116;131,2;0,350
TS115F;Hammamet ;305,0623;732,52;TS115;0;Nabeul;(5) 100 000 à 1 000 000;52,5;47,5;19,2;95468;63116;30254;5265;3027;114351;320,9;0,527
TS1160;Zaghouan  ;274,5499;729,59;TS116;1;;(2) 10 à 20 000;45,2;46,5;1,0;34367;16037;8328;2189;3201;35436;421,2;0,417
TS1161;Ez-Zeriba ;279,3524;718,6291;TS116;0;;(2) 10 à 20 000;56,4;56,5;13,0;20765;9002;4820;940;544;21397;345;0,366
TS1162;Bir Mchergua ;257,2159;741,9661;TS116;0;;(1) moins de 10 000;37,2;44,1;22,3;21508;11033;4489;1638;766;23722;549,3;0,425
TS1163;El Fahs ;243,9109;715,4098;TS116;0;;(3) 20 à 50000;66,9;73,0;34,8;43678;19315;9284;1523;2117;43915;938,7;0,297
TS1164;En-Nadhour ;257,7283;696,8871;TS116;0;;(1) moins de 10 000;79,7;73,6;37,8;28550;5027;5540;610;1030;32733;350,1;0,162
TS1165;Saouaf ;273,8343;706,9683;TS116;0;;(1) moins de 10 000;67,9;66,5;23,6;12095;0;2498;280;307;12234;262,6;0,162
TS1170;Bizerte Nord  ;243,4603;830,5993;TS117;1;Bizerte;(5) 100 000 à 1 000 000;65,6;26,3;1,0;75234;71492;24081;4478;9488;77940;53,52;0,485
TS1171;Zarzouna ;248,8367;824,7561;TS117;0;Bizerte;(5) 100 000 à 1 000 000;57,9;21,5;8,9;24428;24428;6876;3858;1349;28195;7,12;0,423
TS1172;Bizerte Sud ;228,1092;824,8546;TS117;0;Bizerte;(5) 100 000 à 1 000 000;69,8;26,7;17,4;45227;18451;10431;2293;1058;46978;398,75;0,368
TS1173;Sedjnane ;191,816;813,1299;TS117;0;;(1) moins de 10 000;92,4;56,5;55,5;42156;4737;9140;754;1904;42652;609,2;0,154
TS1174;Djoumine ;202,7698;784,7556;TS117;0;;(1) moins de 10 000;73,4;52,3;62,3;35213;0;6789;739;1605;35513;558,27;0,140
TS1175;Mateur ;226,9773;795,6426;TS117;0;;(3) 20 à 50000;53,1;26,2;39,6;47562;31345;10922;2108;3481;48110;564,54;0,346
TS1176;Ghezala ;210,8032;806,5714;TS117;0;;(1) moins de 10 000;72,5;37,5;41,5;27799;0;6261;522;912;27005;403,89;0,166
TS1177;Menzel Bourguiba ;243,215;809,2536;TS117;0;Menzel Bourguiba;(4) 50 à 100 000;48,1;5,0;22,3;54804;47742;14142;1488;3592;54612;121,38;0,406
TS1178;Tinja ;235,4553;810,9679;TS117;0;Menzel Bourguiba;(4) 50 à 100 000;54,8;12,9;22,2;19444;17454;5052;1368;269;19825;39,67;0,323
TS1179;Utique ;253,6805;800,1184;TS117;0;;(1) moins de 10 000;34,4;18,9;33,1;18266;0;3722;499;625;18513;386,93;0,325
TS117A;Ghar El Meleh ;269,1194;814,8201;TS117;0;;(1) moins de 10 000;42,3;31,5;31,1;18525;8998;4664;544;483;19004;95,26;0,358
TS117B;Menzel Djemil ;254,1884;820,699;TS117;0;Bizerte;(5) 100 000 à 1 000 000;52,0;20,9;15,6;39691;35168;12556;3107;853;43618;83,98;0,446
TS117C;El Alia ;258,1474;814,7325;TS117;0;;(2) 10 à 20 000;45,0;20,9;22,6;24539;16819;6069;936;599;26771;81,92;0,396
TS117D;Ras Djebel ;267,9895;821,5663;TS117;0;;(3) 20 à 50000;49,2;32,7;27,1;51240;42762;16935;1703;1002;55790;81,95;0,429
TS1210;Béja Nord  ;187,9986;774,9232;TS121;1;Béja;(4) 50 à 100 000;87,3;70,0;1,0;67471;44179;17316;3213;8280;70167;416;0,339
TS1211;Béja Sud ;183,4948;757,2489;TS121;0;Béja;(4) 50 à 100 000;93,3;84,2;19,2;38396;20188;9163;2273;1585;38084;456,64;0,299
TS1212;Amdoun ;170,0568;774,456;TS121;0;;(1) moins de 10 000;105,3;86,0;18,9;22484;4960;4976;675;1093;22048;244,1;0,205
TS1213;Nefza ;173,0658;795,4194;TS121;0;;(1) moins de 10 000;104,5;76,5;26,4;53195;6039;12584;1031;3425;51678;618,45;0,173
TS1214;Teboursouk ;188,4008;736,4756;TS121;0;;(2) 10 à 20 000;94,7;96,1;39,4;24327;10987;5811;631;1456;23841;401,75;0,291
TS1215;Tibar ;174,9668;740,2574;TS121;0;;(1) moins de 10 000;105,9;102,0;38,0;10509;0;2690;295;559;10217;109,5;0,241
TS1216;Testour ;206,0023;750,2401;TS121;0;;(2) 10 à 20 000;73,3;74,8;31,6;32772;12732;7768;1170;1599;32372;618,56;0,245
TS1217;Goubellat ;229,5357;743,5974;TS121;0;;(1) moins de 10 000;55,0;66,1;53,0;16383;3741;3099;420;643;16547;405,25;0,249
TS1218;Medjez El Bab ;222,8338;762,9219;TS121;0;;(3) 20 à 50000;53,6;55,6;37,8;38964;20308;8651;1575;2244;40696;469,75;0,354
TS1220;Jendouba  ;149,3211;736,4324;TS122;1;Jendouba;(3) 20 à 50000;131,5;123,8;1,0;68597;31167;16522;5403;7283;72860;239;0,291
TS1221;Jendouba Nord ;138,8286;744,9312;TS122;0;Jendouba;(3) 20 à 50000;139,6;127,6;14,5;44195;12830;10355;2758;3192;45053;264;0,234
TS1222;Bou Salem ;164,0325;747,488;TS122;0;;(3) 20 à 50000;114,4;105,4;19,4;36061;14680;8841;1100;4516;33018;336,49;0,286
TS1223;Tabarka ;151,1405;786,8748;TS122;0;;(2) 10 à 20 000;124,9;99,8;51,5;45494;15634;922;2271;2520;46699;369;0,273
TS1224;Ain Draham ;138,5025;772,3705;TS122;0;;(2) 10 à 20 000;136,8;116,0;38,5;40372;8888;10689;1026;3302;38379;501;0,089
TS1225;Fernana ;133,1593;757,7367;TS122;0;;(1) moins de 10 000;143,1;126,5;27,7;52690;3206;12424;769;1990;53050;408;0,091
TS1226;Ghardimaou ;107,9014;739,7719;TS122;0;;(3) 20 à 50000;170,9;157,1;42,6;67955;19688;16342;933;2389;70195;516,35;0,188
TS1227;Oued Meliz ;125,9967;736,782;TS122;0;;(1) moins de 10 000;153,9;142,8;24,3;19015;2188;4687;498;594;18373;193,27;0,099
TS1228;Balta - Bou Aouane ;158,4998;762,8244;TS122;0;;(1) moins de 10 000;117,4;101,6;28,9;42229;5418;9836;1339;247;45176;274,89;0,160
TS1230;Kef Ouest  ;130,2481;700,8247;TS123;1;Kef;(3) 20 à 50000;162,5;161,6;1,0;29951;27472;10824;2909;2126;30622;225,4;0,331
TS1231;Kef Est ;153,1652;704,2547;TS123;0;Kef;(3) 20 à 50000;140,7;143,3;24,2;40456;17719;7840;3214;10049;40315;396,6;0,337
TS1232;Nebeur ;143,0883;720,8564;TS123;0;;(1) moins de 10 000;142,5;138,6;24,8;28328;6330;6766;582;1067;27910;729,4;0,141
TS1233;Sakiet Sidi Youssef ;112,6355;704,683;TS123;0;;(1) moins de 10 000;176,9;172,3;19,0;20527;6196;5144;510;1252;20207;731,31;0,102
TS1234;Tajerouine ;122,9971;679,6769;TS123;0;;(2) 10 à 20 000;179,2;181,8;23,4;30659;20396;7941;1480;1984;30270;668,57;0,212
TS1235;Kalâat Snan ;105,5095;661,7791;TS123;0;;(1) moins de 10 000;203,6;206,8;47,2;16454;5044;4156;585;1318;16051;516,06;0,141
TS1236;Kalâat Khasbah ;120,2069;651,7386;TS123;0;;(1) moins de 10 000;197,6;203,2;51,1;7353;2871;1837;328;588;7156;217,6;0,104
TS1237;Djerissa ;131,1279;663,6761;TS123;0;;(1) moins de 10 000;181,7;188,7;38,2;11298;11298;3093;438;957;10974;174,61;0,140
TS1238;El Ksour ;159,7183;665,1641;TS123;0;;(1) moins de 10 000;158,9;163,3;47,3;17100;5357;3589;400;890;16888;456,45;0,171
TS1239;Dahmani ;147,191;678,4089;TS123;0;;(2) 10 à 20 000;160,0;167,3;29,1;30749;14061;6925;812;1854;30254;530;0,218
TS123A;Es-Sers ;164,5735;690,463;TS123;0;;(2) 10 à 20 000;138,8;147,5;36,9;25915;11927;5786;928;1256;26111;435;0,201
TS1240;Siliana Nord  ;192,9008;688,6829;TS124;1;Siliana;(3) 20 à 50000;118,8;127,5;1,0;26102;16626;6012;2085;7118;26971;379,11;0,325
TS1241;Siliana Sud ;202,6575;678,7072;TS124;0;Siliana;(3) 20 à 50000;120,1;121,3;15,0;29286;7617;6531;1332;1318;28972;478,79;0,256
TS1242;Bou Arada ;222,2697;717,8868;TS124;0;;(2) 10 à 20 000;77,4;86,2;42,4;20877;12273;4703;615;1433;20871;393,72;0,278
TS1243;Gaâfour ;198,4043;710,1634;TS124;0;;(1) moins de 10 000;100,1;109,9;23,2;17963;9358;4700;689;1236;17719;494,45;0,211
TS1244;El Krib ;175,0455;722,7364;TS124;0;;(1) moins de 10 000;112,7;115,1;39,5;21546;7811;4796;981;1123;21154;434,19;0,255
TS1245;Bourouis ;178,3469;703,9434;TS124;0;;(1) moins de 10 000;119,7;128,7;22,1;15712;3700;3216;317;1011;15489;273,11;0,200
TS1246;Makthar ;179,5779;666,719;TS124;0;;(2) 10 à 20 000;144,0;143,5;26,7;31139;12942;6383;766;3384;30721;351,12;0,223
TS1247;Er-Rouhia ;183,9087;642,8824;TS124;0;;(1) moins de 10 000;160,1;140,8;47,7;29991;4307;5341;685;1614;31342;621,79;0,115
TS1248;Kesra ;200,8334;658,7693;TS124;0;;(1) moins de 10 000;137,5;122,3;31,9;17763;2490;3698;353;904;17458;438,68;0,124
TS1249;Bargou ;222,9405;694,0313;TS124;0;;(1) moins de 10 000;95,9;102,8;31,5;13823;4547;3134;450;767;13552;442,7;0,175
TS124A;El Aroussa ;208,8852;725,8596;TS124;0;;(1) moins de 10 000;82,1;92,7;41,5;9783;2621;2561;292;349;9613;334,34;0,162
TS2110;Sousse Medina  ;318,0491;664,2219;TS211;1;Sousse;(5) 100 000 à 1 000 000;119,0;5,0;1,0;29680;29680;11946;4637;17760;29041;7,63;0,686
TS2111;Sousse Riadh ;316,0472;658,7783;TS211;0;Sousse;(5) 100 000 à 1 000 000;123,4;10,8;6,8;65333;65333;17941;13648;4111;79934;42,85;0,465
TS2112;Sousse Jawhara ;318,4286;661,0727;TS211;0;Sousse;(5) 100 000 à 1 000 000;122,1;8,2;4,2;62663;62663;19738;14111;2296;75383;13,52;0,679
TS2113;Sousse Sidi Abdelhamid ;315,269;663,8254;TS211;0;Sousse;(5) 100 000 à 1 000 000;118,4;7,8;3,8;46257;46257;11508;6900;1697;53783;11,7;0,657
TS2114;Hammam Sousse ;313,8349;668,5356;TS211;0;Sousse;(5) 100 000 à 1 000 000;113,5;11,0;7,0;34685;34685;12503;4229;2130;39143;17,6;0,624
TS2115;Akouda ;309,7851;674,6995;TS211;0;Sousse;(5) 100 000 à 1 000 000;106,3;18,3;14,3;25717;21237;8439;2516;1113;28672;45,22;0,551
TS2116;Kalaâ Kebira ;298,7244;669,3657;TS211;0;Sousse;(5) 100 000 à 1 000 000;108,3;25,0;21,0;51196;45990;10693;1153;1178;53977;244,43;0,432
TS2117;Sidi Bou Ali ;297,7556;680,1974;TS211;0;;(1) moins de 10 000;97,5;30,8;26,8;17606;9011;4435;667;610;18725;121,66;0,382
TS2118;Hergla ;300,1794;687,025;TS211;0;;(1) moins de 10 000;91,6;34,0;30,0;7913;6332;2111;368;285;8354;96,71;0,407
TS2119;Enfidha ;289,1814;697,7632;TS211;0;;(2) 10 à 20 000;78,5;49,3;45,3;43426;9981;9325;1179;1399;45860;389,33;0,348
TS211A;Bouficha ;298,9661;715,0226;TS211;0;;(2) 10 à 20 000;64,8;59,3;55,3;23581;8701;5241;1079;748;25388;270,28;0,330
TS211B;Kondar ;283,0695;676,0525;TS211;0;;(1) moins de 10 000;99,2;41,9;37,9;11636;0;2186;223;368;12320;198,55;0,313
TS211C;Sidi El Héni ;289,0065;653,3484;TS211;0;;(1) moins de 10 000;122,4;36,0;32,0;11614;3058;2727;308;436;11900;367,34;0,297
TS211D;M saken ;308,7567;647,3962;TS211;0;Sousse;(5) 100 000 à 1 000 000;132,0;24,2;20,2;85380;64165;25073;4245;2076;90777;337,21;0,518
TS211E;Kalaâ Seghira ;302,5511;661,0822;TS211;0;Sousse;(5) 100 000 à 1 000 000;117,2;20,8;16,8;27726;25078;7267;3524;717;32012;106,04;0,421
TS2120;Monastir  ;332,2;654,1446;TS212;1;Monastir;(5) 100 000 à 1 000 000;133,9;22,4;1,0;81294;81294;27047;12093;5605;95876;67,3;0,620
TS2121;Ouerdanine ;321,147;649,7351;TS212;0;;(3) 20 à 50000;133,6;19,8;12,9;18852;18852;4486;1216;674;20944;53,72;0,411
TS2122;Sahline ;325,0475;653,3532;TS212;0;Sousse;(5) 100 000 à 1 000 000;131,7;17,9;8,2;21799;21799;5791;1899;754;24944;44,33;0,465
TS2123;Zermadine ;317,1801;632,7795;TS212;0;Jemmal;(4) 50 à 100 000;148,4;36,5;27,1;25947;25947;5914;649;717;27041;193,74;0,339
TS2124;Beni Hassen ;329,2416;630,9348;TS212;0;;(1) moins de 10 000;154,1;40,1;24,4;12650;12650;3489;542;329;13789;101,3;0,372
TS2125;Jammel ;324,5577;641,1549;TS212;0;Jemmal;(4) 50 à 100 000;142,9;29,0;16,1;55272;55272;13239;3435;1780;63281;146,89;0,466
TS2126;Bembla ;329,9148;647,1326;TS212;0;Monastir;(5) 100 000 à 1 000 000;139,4;25,8;8,4;27382;27382;5907;2757;528;31798;49,86;0,468
TS2127;Moknine ;338,4226;631,1101;TS212;0;Moknine;(5) 100 000 à 1 000 000;157,5;43,9;24,9;75885;75885;16561;2198;2081;81468;196,69;0,446
TS2128;Bekalta ;354,4011;638,006;TS212;0;Moknine;(5) 100 000 à 1 000 000;158,7;49,8;28,4;13695;13695;3847;539;525;14373;46,23;0,388
TS2129;Teboulba ;349,1423;642,0563;TS212;0;Moknine;(5) 100 000 à 1 000 000;152,5;43,2;21,8;31154;31154;7498;1643;941;34411;19,06;0,453
TS212A;Ksar Helal ;340,7621;642,4625;TS212;0;Moknine;(5) 100 000 à 1 000 000;148,2;36,5;15,5;39991;39991;10453;3379;1717;45001;23,89;0,507
TS212B;Ksibet El Mediouni ;336,3213;643,6124;TS212;0;Benane Bodher;(3) 20 à 50000;145,2;32,5;12,3;28722;28722;6889;1801;641;31510;38,62;0,441
TS212C;Sayada-Lamta Bou-Hjar ;341,9565;644,9801;TS212;0;Moknine;(5) 100 000 à 1 000 000;146,5;35,7;14,4;22947;22947;6273;1827;732;25163;12,68;0,472
TS2130;Mahdia  ;348,9486;626,0376;TS213;1;;(4) 50 à 100 000;166,6;54,1;1,0;71719;54902;20666;5649;4616;77954;168;0,482
TS2131;Bou Merdès ;324,1407;618,9514;TS213;0;;(1) moins de 10 000;163,7;50,7;26,8;29559;10167;6291;802;651;31593;193,99;0,309
TS2132;Ouled Chamekh ;287,8925;622,1227;TS213;0;;(1) moins de 10 000;153,3;56,8;62,2;22732;5093;5152;403;902;22028;351,11;0,175
TS2133;Chorbane ;298,5011;595,2965;TS213;0;;(1) moins de 10 000;181,2;68,2;60,1;28577;5849;6033;430;1553;29732;443,54;0,224
TS2134;Hebira ;283,6321;601,6033;TS213;0;;(1) moins de 10 000;173,5;76,5;70,7;11057;3179;2703;345;536;10581;271,64;0,190
TS2135;Essouassi ;307,6312;609,7749;TS213;0;;(1) moins de 10 000;168,4;60,4;45,4;46276;4633;9263;564;1952;48438;349,87;0,264
TS2136;El Djem ;326,8834;605,0771;TS213;0;;(3) 20 à 50000;177,8;64,8;31,4;41064;18302;9330;913;1347;42159;290,33;0,327
TS2137;Chebba ;359,5822;596,1223;TS213;0;;(3) 20 à 50000;198,1;66,4;32,7;23334;19883;8513;1191;1000;24671;118,86;0,392
TS2138;Melloulech ;352,0427;589,0461;TS213;0;;(1) moins de 10 000;201,5;56,8;38,1;19464;6411;4425;364;508;20328;157,45;0,259
TS2139;Sidi Alouane ;341,4297;603,4634;TS213;0;;(1) moins de 10 000;184,1;67,8;24,8;35272;6651;8325;807;883;36797;290,86;0,265
TS213A;Ksour Essef ;351,3459;612,0859;TS213;0;;(3) 20 à 50000;180,1;66,9;15,2;48799;32635;15569;1194;1166;49856;220,82;0,342
TS2140;Sfax Ville  ;331,6424;541,459;TS214;1;Sfax;(5) 100 000 à 1 000 000;240,3;5,0;1,0;105958;105958;34872;13415;26561;108279;27,09;0,555
TS2141;Sfax Ouest ;328,7038;539,7766;TS214;0;Sfax;(5) 100 000 à 1 000 000;241,3;8,4;4,4;104998;104998;30495;17961;6515;111597;15,58;0,572
TS2142;Sakiet Ezzit ;328,1513;555,7251;TS214;0;Sfax;(5) 100 000 à 1 000 000;225,7;19,7;15,7;72481;68511;20266;8514;4330;79735;96,65;0,478
TS2143;Sakiet Eddaïer ;336,0108;550,4683;TS214;0;Sfax;(5) 100 000 à 1 000 000;232,7;15,0;11,0;98988;94892;27219;12881;3571;115214;113,3;0,465
TS2144;Sfax Sud ;323,0654;549,4968;TS214;0;Sfax;(5) 100 000 à 1 000 000;230,6;16,8;12,8;101904;74655;27426;8331;7176;114664;197,73;0,449
TS2145;Tina ;323,4027;534,4905;TS214;0;Sfax;(5) 100 000 à 1 000 000;245,3;15,8;11,8;45647;26635;11627;7410;1442;58029;89,4;0,441
TS2146;Agareb ;302,5585;540,2626;TS214;0;;(2) 10 à 20 000;236,3;34,1;30,1;35841;9610;8625;1256;1442;38158;737,07;0,292
TS2147;Djebeniana ;344,7774;577,8397;TS214;0;;(1) moins de 10 000;209,3;43,7;39,7;44029;6576;10751;898;2000;47198;256,17;0,300
TS2148;El Amra ;341,5701;562,0417;TS214;0;;(1) moins de 10 000;223,2;27,9;23,9;28723;0;7116;973;604;29939;183,09;0,300
TS2149;El Hencha ;327,2119;582,8243;TS214;0;;(1) moins de 10 000;199,2;46,6;42,6;43170;6277;9826;836;1718;44761;529,32;0,253
TS214A;Menzel Chaker ;295,0601;568,8797;TS214;0;;(1) moins de 10 000;207,0;50,7;46,7;34119;2212;8261;762;2334;34300;1563,7;0,332
TS214B;Ghraiba ;281,6014;512,1377;TS214;0;;(1) moins de 10 000;262,8;63,0;59,0;14647;2570;3236;319;715;14802;434,38;0,176
TS214C;Bir ali Ben Kelifa ;268,0497;537,5635;TS214;0;;(1) moins de 10 000;237,4;68,7;64,7;50059;4460;11368;1024;3605;50138;1205,85;0,186
TS214D;Skhira ;256,7454;493,7667;TS214;0;;(1) moins de 10 000;281,6;58,0;89,8;29616;8627;5459;739;1470;30705;904,03;0,246
TS214E;Mahres ;302,1888;517,4259;TS214;0;;(2) 10 à 20 000;258,9;43,0;39,0;30676;14499;9014;1290;1649;31849;445,65;0,347
TS214F;Kerkenah ;371,4161;536,9902;TS214;0;;(2) 10 à 20 000;257,0;45,0;41,0;14400;14400;7497;1311;1396;14465;159,7;0,379
TS2210;Kairouan Nord  ;267,4239;654,1801;TS221;1;Kairouan;(5) 100 000 à 1 000 000;120,9;56,6;1,0;83794;70097;21092;4467;15689;91572;250,3;0,369
TS2211;Kairouan Sud ;269,8113;635,6555;TS221;0;Kairouan;(5) 100 000 à 1 000 000;139,3;61,1;19,7;80444;47806;18651;6288;3380;86201;573,5;0,355
TS2212;Echebika ;250,5499;642,8892;TS221;0;;(1) moins de 10 000;134,1;75,8;21,3;33889;2505;6901;321;1340;33972;490,7;0,208
TS2213;Sbikha ;261,1743;677,1857;TS221;0;;(1) moins de 10 000;98,5;63,3;24,8;67315;6776;12868;769;2272;68689;1047,1;0,209
TS2214;EL Ouslatia ;228,855;669,9327;TS221;0;;(1) moins de 10 000;114,4;94,4;42,7;36195;10095;8375;510;2938;33352;905,4;0,141
TS2215;Haffouz ;230,4739;629,252;TS221;0;;(1) moins de 10 000;152,1;99,3;45,6;43792;8225;8157;693;2394;45656;618,9;0,208
TS2216;El Alâa ;220,794;644,784;TS221;0;;(1) moins de 10 000;140,7;104,2;48,6;31773;2657;6775;457;1943;30088;371,8;0,092
TS2217;Hajeb el Ayoun ;218,5952;617,5754;TS221;0;;(2) 10 à 20 000;166,9;114,8;62,0;35403;9648;7128;567;1570;36010;608,1;0,196
TS2218;Nasrallah ;241,2268;605,4316;TS221;0;;(1) moins de 10 000;172,6;101,7;56,3;37112;8410;8178;345;2099;36345;714,8;0,172
TS2219;Echrarda ;265,0354;588,7124;TS221;0;;(1) moins de 10 000;186,4;86,7;66,5;25903;1387;6130;284;1372;25773;387,1;0,189
TS221A;Bouhajla ;264,3518;611,5044;TS221;0;;(1) moins de 10 000;163,6;80,2;43,8;70589;6002;14582;518;3206;71289;626,7;0,155
TS2220;Kasserine Nord  ;142,6269;593,9318;TS222;1;Kasserine;(4) 50 à 100 000;224,0;194,0;1,0;58343;55966;13467;3578;10393;62348;85,1;0,437
TS2221;Kasserine Sud ;141,1973;582,6165;TS222;0;Kasserine;(4) 50 à 100 000;234,0;195,0;12,4;21139;0;4823;581;1746;22159;894,6;0,095
TS2222;Ezzouhour ;147,8297;587,3734;TS222;0;Kasserine;(4) 50 à 100 000;226,3;191,8;9,4;20277;20277;4402;1052;667;21255;31,5;0,185
TS2223;Hassi Ferid ;156,8764;565,9199;TS222;0;;(1) moins de 10 000;239,8;172,1;32,4;16890;0;3681;239;1305;17803;944,5;0,000
TS2224;Sbeitla ;170,7924;599,4897;TS222;0;;(3) 20 à 50000;203,8;165,9;29,7;69539;20253;15083;1223;3373;72928;1114,8;0,213
TS2225;Sbiba ;179,1501;626,998;TS222;0;;(1) moins de 10 000;176,0;148,8;50,3;42091;5995;7640;823;1919;44378;450,7;0,115
TS2226;Djedeliane ;156,5361;643,6905;TS222;0;;(1) moins de 10 000;176,5;167,8;52,7;13205;3990;2579;376;656;13043;304,6;0,108
TS2227;El Ayoun ;153,8057;627,7689;TS222;0;;(1) moins de 10 000;190,4;173,2;36,6;18634;0;3601;305;563;19291;403,4;0,005
TS2228;Thala ;135,6085;635,5742;TS222;0;;(2) 10 à 20 000;196,9;189,7;43,2;34508;13968;8298;714;3047;33492;808,3;0,144
TS2229;Hidra ;115,1035;633,749;TS222;0;;(1) moins de 10 000;213,1;210,2;49,4;8716;3109;2685;519;597;8179;449,6;0,078
TS222A;Foussana ;119,9313;607,851;TS222;0;;(1) moins de 10 000;227,7;211,0;27,6;41240;5622;9259;679;1762;42533;918,4;0,112
TS222B;Feriana ;113,1827;572,2916;TS222;0;;(3) 20 à 50000;259,0;208,1;37,5;45787;29990;9637;1150;1769;49349;903,7;0,177
TS222C;Majel Bel Abbès ;119,2051;546,174;TS222;0;;(1) moins de 10 000;276,5;187,5;54,2;21909;5003;4582;364;729;23569;943,4;0,044
TS2230;Sidi Bouzid Ouest  ;202,6212;572,5753;TS223;1;Sidi Bouzid;(3) 20 à 50000;214,7;137,7;1,0;65761;35913;14955;3486;8788;69673;420,2;0,309
TS2231;Sidi Bouzid Est ;218,559;581,0486;TS223;0;Sidi Bouzid;(3) 20 à 50000;201,7;124,8;19,1;48371;4002;10361;1079;2189;52162;778,3;0,231
TS2232;Jilma ;200,5486;610,7926;TS223;0;;(1) moins de 10 000;180,0;134,1;39,3;36861;5405;6665;680;1574;38057;603,1;0,123
TS2233;Cebalet Ouled Asker ;189,301;595,9805;TS223;0;;(1) moins de 10 000;198,1;150,7;27,9;18618;2506;4424;318;557;19342;330,1;0,135
TS2234;Bir El Hafey ;189,7479;560,2524;TS223;0;;(1) moins de 10 000;230,7;147,3;18,8;33979;5589;8208;781;1144;36019;532,3;0,165
TS2235;Sidi Ali Ben Aoûn ;174,2141;546,4429;TS223;0;;(1) moins de 10 000;249,5;146,0;39,6;24896;7403;5628;372;812;26452;685,3;0,158
TS2236;Menzel Bouzaïenne ;201,9938;527,8706;TS223;0;;(1) moins de 10 000;257,4;113,8;45,7;23668;5595;6120;289;1100;24682;556;0,112
TS2237;Meknassy ;222,1494;527,4598;TS223;0;;(2) 10 à 20 000;252,8;102,3;50,2;22617;13742;5578;765;1600;22442;599,6;0,163
TS2238;Souk Jedid ;216,8518;553,9568;TS223;0;;(1) moins de 10 000;228,3;120,5;24,4;19210;0;4034;213;780;18729;345,6;0,042
TS2239;Mezzouna ;237,5885;509,976;TS223;0;;(1) moins de 10 000;267,4;79,7;72,7;22839;6101;4425;444;994;24026;1104,2;0,160
TS223A;Regueb ;243,1629;554,5348;TS223;0;;(1) moins de 10 000;222,5;94,4;45,4;58776;7892;13042;1296;2730;61270;1063,3;0,211
TS223B;Ouled Haffouz ;243,3586;580,3787;TS223;0;;(1) moins de 10 000;196,9;101,5;42,5;19910;2145;5864;504;2017;18020;351,2;0,164
TS3110;Gabes Medina  ;269,1661;442,2285;TS311;1;Gabes;(5) 100 000 à 1 000 000;332,6;5,0;1,0;47057;47057;12096;4586;11031;47426;48,25;0,381
TS3111;Gabes Ouest ;258,8596;436,8635;TS311;0;Gabes;(5) 100 000 à 1 000 000;338,3;16,6;12,6;28389;26270;6720;10096;1369;31561;115;0,345
TS3112;Gabes Sud ;267,9635;432,1717;TS311;0;Gabes;(5) 100 000 à 1 000 000;342,7;15,1;11,1;61699;57148;15309;2296;2401;70553;245;0,404
TS3113;Ghanouch ;265,1057;448,1095;TS311;0;;(3) 20 à 50000;326,9;12,1;8,1;22681;22681;3700;546;509;24609;19;0,312
TS3114;El Metouia ;256,7117;460,1993;TS311;0;;(2) 10 à 20 000;315,1;26,9;22,9;25862;19004;6228;1138;1111;27032;333,35;0,309
TS3115;Menzel El Habib ;225,0188;473,6313;TS311;0;;(1) moins de 10 000;305,2;59,2;55,2;11477;0;2666;385;1275;11215;1131;0,172
TS3116;El Hamma ;219,0682;441,628;TS311;0;;(3) 20 à 50000;337,8;55,1;51,1;62390;34835;13111;1715;2949;63814;2318,6;0,222
TS3117;Matmata ;240,0164;392,3852;TS311;0;;(1) moins de 10 000;384,0;62,7;58,7;5766;2116;2083;298;2440;5220;1185;0,171
TS3118;Nouvelle Matmata ;252,6348;413,1446;TS311;0;;(1) moins de 10 000;362,3;38,5;34,5;15969;6642;5070;1085;825;15211;713;0,151
TS3119;Mareth ;279,9043;407,2773;TS311;0;;(2) 10 à 20 000;367,6;41,6;37,6;61340;16128;15042;1880;2482;63108;1058,06;0,239
TS3120;Medenine Nord  ;296,8845;389,3082;TS312;1;Medenine;(4) 50 à 100 000;386,2;64,7;1,0;48102;40332;12298;4691;5580;52617;324;0,322
TS3121;Medenine Sud ;320,926;387,5087;TS312;0;Medenine;(4) 50 à 100 000;390,1;41,4;25,1;48087;21373;11376;2193;2610;50358;688;0,298
TS3122;Beni Khedech ;270,6446;371,5078;TS312;0;;(1) moins de 10 000;403,3;75,7;32,7;28586;3071;8836;836;2581;26786;1356;0,139
TS3123;Ben Guerdane ;377,8781;333,0333;TS312;0;;(4) 50 à 100 000;453,8;70,5;99,6;70907;58101;16008;2988;3027;73349;4732;0,273
TS3124;Zarzis ;356,5276;394,9745;TS312;0;;(4) 50 à 100 000;388,7;5,0;60,9;73549;70895;21992;3736;2826;77323;867;0,365
TS3125;Djerba Houmet Souk ;342,5234;437,7036;TS312;0;Djerba;(5) 100 000 à 1 000 000;344,0;50,0;67,5;64919;64919;19642;5407;4003;70301;177;0,437
TS3126;Djerba Midoun ;351,8059;428,1518;TS312;0;Djerba;(5) 100 000 à 1 000 000;355,3;38,5;68,3;50459;50459;16046;5700;1831;55067;209;0,390
TS3127;Djerba Ajim ;337,3358;428,2119;TS312;0;Djerba Ajim;(3) 20 à 50000;352,3;43,4;57,1;24166;24166;7015;862;875;24775;128;0,278
TS3128;Sidi Makhloulf ;312,1915;405,2278;TS312;0;;(1) moins de 10 000;371,5;50,5;23,1;23728;0;6795;599;983;22612;686;0,152
TS3130;Tataouine Nord  ;328,6749;313,2665;TS313;1;Tataouine;(4) 50 à 100 000;464,8;91,3;1,0;54362;37122;11859;3444;4944;57651;2325;0,234
TS3131;Tataouine Sud ;277,3724;323,3044;TS313;0;Tataouine;(4) 50 à 100 000;451,5;111,8;53,3;33783;22224;7797;1861;1953;34129;2450;0,190
TS3132;Smâr ;355,9384;319,0811;TS313;0;;(1) moins de 10 000;463,0;80,9;28,9;13826;0;2948;546;613;13930;2004;0,122
TS3133;Bir Lahmar ;306,6959;366,4703;TS313;0;;(1) moins de 10 000;409,6;62,4;58,6;9270;8418;2687;814;513;8999;200;0,192
TS3134;Ghomrassen ;286,1677;354,2425;TS313;0;;(2) 10 à 20 000;420,8;86,3;60,0;18335;11383;6027;917;1569;16779;666;0,167
TS3135;Dhehiba ;313,3899;224,9011;TS313;0;;(1) moins de 10 000;551,3;180,5;90,7;3971;3971;998;296;425;4069;3864;0,109
TS3136;Remada ;230,8395;204,3571;TS313;0;;(1) moins de 10 000;572,1;233,3;147,4;9977;4606;2261;595;911;10150;27380;0,208
TS3210;Gafsa Nord  ;156,8436;519,2641;TS321;1;Gafsa;(5) 100 000 à 1 000 000;281,4;141,2;1,0;9407;0;2258;622;8061;10016;500;0,132
TS3211;Sidi Aïch ;144,5906;532,6434;TS321;0;;(1) moins de 10 000;274,9;158,9;19,1;8297;0;2106;440;758;8381;702,1;0,146
TS3212;El Ksar ;145,1504;498,2478;TS321;0;Gafsa;(5) 100 000 à 1 000 000;305,4;141,1;25,1;32186;29617;7128;1822;958;35203;332,8;0,250
TS3213;Gafsa Sud ;128,9144;509,9655;TS321;0;Gafsa;(5) 100 000 à 1 000 000;302,3;160,8;30,4;90742;84676;21539;6553;1412;103697;426,1;0,369
TS3214;Oum El Araies ;102,5781;520,6588;TS321;0;;(3) 20 à 50000;306,9;189,1;55,3;31733;24487;7298;617;2179;31206;995,7;0,143
TS3215;Redeyef ;85,2493;500,1951;TS321;0;;(3) 20 à 50000;333,6;197,8;75,1;27940;26143;5913;703;1924;27174;480,7;0,194
TS3216;Metlaoui ;107,9171;489,605;TS321;0;;(3) 20 à 50000;330,4;173,1;58,2;38938;37099;8805;1335;2236;37894;1113,4;0,206
TS3217;Mdhila ;133,5373;480,4256;TS321;0;;(2) 10 à 20 000;326,4;145,9;46,3;14841;12383;3078;321;1138;13802;680,4;0,118
TS3218;EL Guetar ;163,9008;486,7567;TS321;0;;(2) 10 à 20 000;308,6;119,3;34,3;19942;13554;4549;819;1022;18658;910;0,144
TS3219;Belkhir ;199,7116;495,1573;TS321;0;;(1) moins de 10 000;289,5;92,3;50,2;15159;0;3068;333;855;14242;839,5;0,073
TS321A;Sned ;178,0919;517,0764;TS321;0;;(1) moins de 10 000;275,2;122,9;22,4;34524;8931;7139;710;1515;36315;827,1;0,104
TS3220;Tozeur  ;79,008;447,0373;TS322;1;;(3) 20 à 50000;381,7;195,2;1,0;39862;32400;9524;2040;2949;42560;840;0,335
TS3221;Degach ;96,0372;462,2782;TS322;0;;(1) moins de 10 000;360,0;179,3;23,9;26596;13685;6140;1055;905;27401;998;0,200
TS3222;Tameghza ;57,9458;489,8325;TS322;0;;(1) moins de 10 000;358,0;221,5;48,7;6362;2169;1474;318;223;6947;854,9;0,112
TS3223;Nefta ;57,979;439,9182;TS322;0;;(3) 20 à 50000;398,9;216,2;23,2;20544;20308;4989;1036;1107;21375;1500;0,269
TS3224;Hazoua ;36,8996;430,765;TS322;0;;(1) moins de 10 000;418,2;237,5;46,1;4162;0;699;326;177;4624;1400;0,180
TS3230;Kebili Sud  ;169,0484;412,1638;TS323;1;Kebili;(2) 10 à 20 000;377,7;109,5;1,0;28040;12780;5854;1355;3829;29057;865,1;0,294
TS3231;Kebeli Nord ;174,2041;426,8772;TS323;0;Kebili;(2) 10 à 20 000;362,1;101,2;16,6;29429;12041;6929;1951;1071;30300;1024;0,311
TS3232;Souk El Ahed ;151,9584;449,4243;TS323;0;;(2) 10 à 20 000;347,7;122,4;42,0;26732;18285;5933;493;835;26320;2682,7;0,197
TS3233;Douz Nord ;184,3857;380,9769;TS323;0;Douz;(3) 20 à 50000;404,0;109,6;35,8;25534;25237;5007;1142;1376;26888;4105,7;0,260
TS3234;Douz Sud ;206,761;335,4892;TS323;0;Douz;(3) 20 à 50000;444,5;128,6;86,4;17187;8860;3053;709;569;18453;4105,7;0,215
TS3235;Faouar ;108,4685;363,6441;TS323;0;;(1) moins de 10 000;443,5;183,9;78,6;16296;0;3528;643;329;18998;9671,3;0,178
